"关键字","趋势","印象数"
"nymar","[20]","20"
"github pages deploy","[24]","24"
"usa play casino online no deposit casino betsafe","[24]","24"
"kwabe fosu","[25]","25"
"crypto casino online no deposit casino caxino","[26]","26"
"https //githubpages xtsgreen.github.io/medical_student_rescue_plan","[35]","35"
"usa best online casino high roller casino mrgreen","[24,23]","47"
"sofiandliam","[20,39]","59"
"网页部署","[20,24,21]","65"
"gitpages","[22,23,20]","65"
"git.ir","[40,40,38]","118"
"https //github.io","[20,20,25,30,38]","133"
"https //ehsofta.github.io/","[33,23,32,20,25,22]","155"
"work stream login","[46,23,33,25,25,23]","175"
"免费部署网站","[29,25,24,23,20,21,36,21,22]","221"
"github pagesとは","[35,26,30,22,22,27,26,23,20]","231"
"workstream hr","[33,32,0,34,25,26,29,0,0,25,0,27,25]","256"
"hr workstream login","[38,27,21,25,23,32,28,31,25,25]","275"
"github/login/device","[32,29,25,24,29,27,25,28,37,27]","283"
"github site","[20,31,31,22,35,22,20,36,0,29,26,0,22]","294"
"گیت هاب","[23,28,83,69,63,63]","329"
"nlpnp login","[29,31,45,21,28,21,22,23,22,27,29,34]","332"
"raúl beltrán échale ganas mijo lyrics","[40,37,118,90,58,52]","395"
"github website hosting","[22,20,44,25,30,34,25,39,42,27,29,36,28]","401"
"github sso sign in","[28,26,28,36,23,35,38,22,32,23,32,39,46]","408"
"github pages怎么用","[50,43,25,25,32,31,29,35,31,32,29,24,34]","420"
"github hosting","[43,27,21,48,45,29,35,44,36,42,26,27]","423"
"el rito","[28,22,28,37,24,39,46,35,40,52,41,31,37]","460"
"github pages free","[34,33,32,41,41,30,43,40,37,37,40,47,45]","500"
"ttps //github.com/login/device","[40,30,43,33,38,35,36,45,29,42,57,35,41]","504"
"репозиторий","[32,24,29,46,81,63,50,40,28,28,28,27,30]","506"
"git pages","[34,40,34,40,44,42,33,40,50,31,36,40,49]","513"
"cloudfl","[48,49,30,38,69,43,42,39,44,24,40,49]","515"
"githubio","[34,47,21,30,68,53,46,53,45,41,33,23,29]","523"
"site www.mcafee.com","[38,36,57,42,35,34,31,42,55,31,41,48,36]","526"
"网页托管","[27,33,40,27,34,42,27,58,59,58,55,41,32]","533"
"https github com","[41,62,36,37,34,26,49,40,42,60,43,72,60]","602"
"гітхаб","[39,41,45,38,43,69,50,58,69,45,43,42,37]","619"
"how to avoid hidden check-cashing fees","[22,37,35,198,95,139,88,36]","650"
"finding brand sponsors for facebook live events","[24,43,47,209,96,114,93,36]","662"
"is github owned by microsoft","[50,44,50,45,65,59,49,40,59,44,50,59,60]","674"
"静态网站托管","[63,62,63,60,52,48,45,66,32,39,59,47,39]","675"
"git hub pages","[62,58,48,64,58,58,64,46,38,52,49,34,65]","696"
"workstream log in","[34,56,56,74,71,54,41,77,58,64,62,66,56]","769"
"git server","[66,52,71,68,71,57,62,50,49,63,54,57,50]","770"
"workstream login page","[59,48,49,52,76,61,52,40,59,80,58,109,83]","826"
"لهف","[29,69,62,68,67,71,64,88,68,46,64,74,62]","832"
"مشاركة","[67,80,78,55,70,51,55,79,96,54,43,57,49]","834"
"github pages login","[72,62,59,65,88,63,79,68,64,49,56,61,49]","835"
"serve json data from github pages","[78,69,65,80,69,84,58,64,70,52,53,52,46]","840"
"hierarchical categories in github pages","[75,71,58,78,82,68,66,88,69,47,56,55,40]","853"
"ozwin casino login au-ozwincasino","[74,349,502]","925"
"github web","[84,88,91,62,65,64,83,81,64,87,86,90,58]","1003"
"hr workstream","[75,66,65,70,70,106,77,84,69,99,89,67,78]","1015"
"hubpages","[83,105,97,90,80,83,76,60,73,65,60,81,80]","1033"
"github client","[102,106,92,88,75,84,82,69,68,104,82,83,76]","1111"
"oreshura","[134,108,70,77,87,102,79,78,63,68,80,92,87]","1125"
"当废物直男捡起万人迷剧本","[83,61,34,63,112,156,191,122,85,68,51,44,73]","1143"
"github project","[82,109,84,115,94,67,113,95,95,85,74,63,70]","1146"
"deskspace","[103,93,79,100,86,91,95,85,95,54,100,88,91]","1160"
"best betting sites","[48,199,252,71,53,46,63,69,66,54,54,116,237]","1328"
"githubpages","[144,110,119,127,134,107,110,120,122,103,133,139,111]","1579"
"lægemiddelstyrelsen","[134,43,109,127,118,206,153,134,130,109,94,115,111]","1583"
"github pages官网","[113,129,113,140,124,117,142,118,132,120,115,119,102]","1584"
"albania weather","[117,117,87,106,104,138,119,187,161,101,132,151,104]","1624"
"github tutorial","[122,143,147,146,134,106,133,120,115,118,142,116,132]","1674"
"github.con","[162,179,161,165,140,106,85,92,117,134,137,138,73]","1689"
"ipfire","[166,134,110,124,137,160,199,128,144,149,69,85,101]","1706"
"install github","[136,135,135,144,155,135,140,115,136,122,125,148,148]","1774"
"workstream hr login","[135,132,150,147,128,138,130,146,133,176,141,152,148]","1856"
"etids","[195,157,173,176,182,202,136,162,113,95,148,207,146]","2092"
"github host","[182,171,162,187,191,150,146,156,153,148,164,155,169]","2134"
"gist github","[177,171,226,165,160,177,222,161,176,131,137,138,119]","2160"
"github page","[169,183,217,193,178,168,177,185,151,140,161,203,152]","2277"
"github docs","[234,197,180,234,190,233,207,196,183,181,183,143,150]","2511"
"雪代美鳳","[197,252,253,223,213,165,205,122,156,199,146,189,218]","2538"
"个人网站","[181,176,195,182,190,196,194,206,210,231,222,240,218]","2641"
"github io","[248,204,167,191,179,210,230,267,250,182,236,215,225]","2804"
"rainford high school","[317,49,39,299,314,258,247,263,250,36,279,252,255]","2858"
"github website","[252,235,325,253,228,268,216,178,225,177,241,194,209]","3001"
"git github","[258,232,223,273,274,191,225,249,275,224,222,219,184]","3049"
"the kraken","[242,217,222,243,243,328,291,335,268,234,246,257,219]","3345"
"github for windows","[266,234,242,232,264,242,290,244,265,250,316,291,282]","3418"
"古文网","[325,271,269,251,291,219,326,303,275,294,250,270,234]","3578"
"github git","[267,252,265,312,298,233,264,292,277,308,296,306,245]","3615"
"гит хаб","[222,189,232,386,483,548,224,257,263,274,220,207,203]","3708"
"github projects","[382,394,323,367,318,313,349,359,365,291,328,351,284]","4424"
"github.io","[444,376,309,316,372,373,412,437,351,337,342,360,362]","4791"
"github api","[475,438,397,452,460,387,358,403,451,428,410,429,402]","5490"
"分类号","[465,542,518,420,284,213,276,435,606,694,598,346,200]","5597"
"github account","[582,454,503,549,567,486,465,570,514,451,472,504,449]","6566"
"支付宝注册","[564,474,436,483,497,300,372,554,580,611,588,621,602]","6682"
"父亲节是几号","[37,23,65,64,64,73,383,376,292,396,860,1533,2945]","7111"
"github 官网","[412,191,189,123,160,120,977,1545,902,702,693,629,618]","7261"
"casinos online usa","[2615,406,119,22,0,44,1682,1939,269,314]","7410"
"太荒吞天决","[646,548,525,566,702,562,529,682,709,761,632,647,525]","8034"
"github com","[597,627,649,611,521,573,558,597,667,636,671,725,745]","8177"
"github官网入口","[927,633,620,699,543,495,598,538,740,1078,737,653,611]","8872"
"ozwin casino login","[64,44,47,69,97,64,105,111,136,184,480,2415,6022]","9838"
"deepsearch","[940,764,1033,1165,899,654,646,758,768,655,689,692,615]","10278"
"github repository","[836,804,766,840,824,811,877,803,803,747,859,802,814]","10586"
"gihub","[1377,1314,1159,1472,1428,1066,955,1076,669,435,450,320,387]","12108"
"netlify.com","[625,625,757,705,842,938,1067,1126,1213,1167,1103,1117,1001]","12286"
"github sign in","[894,879,897,1067,998,970,976,998,1003,866,1149,1010,953]","12660"
"site github.com","[793,840,769,819,993,845,1068,1234,1419,1448,1601,1221,974]","14024"
"code .","[790,834,902,1020,1054,1027,1086,1155,1209,1180,1229,1234,1338]","14058"
"www.github.com login","[1059,1127,1156,1114,1104,957,1117,1220,1146,1140,1135,1260,1009]","14544"
"mlgw login","[1189,1255,1140,1054,892,1071,1035,923,962,1077,1394,1319,1279]","14590"
"airborne","[1502,1173,1267,1211,1181,1077,1286,1137,1075,1057,1093,1109,1094]","15262"
"workstream login","[1002,1043,1159,1140,1179,1148,1259,1169,1241,1301,1387,1359,1204]","15591"
"https //github.com/","[1240,1287,1298,1494,1266,1022,1044,1157,1183,1216,1259,1218,1060]","15744"
"гитхаб","[1087,1052,1073,2006,2737,2833,1403,1365,1331,1217,1130,955,995]","19184"
"github.com login","[1423,1472,1400,1637,1586,1458,1580,1627,1730,1506,1604,1689,1702]","20414"
"gith","[1768,1762,1655,1725,1742,1649,1706,1863,1746,1692,1710,1752,1421]","22191"
"what is github","[1773,1696,1640,1853,1789,1646,1725,1964,2027,1891,1895,1843,1675]","23417"
"api design principles","[2941,94,30,23,23192]","26280"
"https //github.com","[1979,1871,2241,2103,2017,1734,1785,2004,1996,2183,2241,2220,2170]","26544"
"quicklook","[2524,2397,2286,2377,2299,2071,2955,2595,2371,2376,2435,2203,2281]","31170"
"bfdi","[2797,2464,2343,2684,2598,2670,2741,2690,3215,2971,2790,3005,2743]","35711"
"wangyiyun","[3764,3847,3774,3577,3664,3408,2875,3780,4147,4038,4252,3738,3098]","47962"
"site play.google.com","[1901,1092,1214,1299,2336,2600,3342,5538,5905,7244,8465,5295,5220]","51451"
"github download","[4534,4484,4522,4814,4493,4207,4330,4386,4566,4280,4811,5005,4731]","59163"
"manwa","[4087,4848,4458,3760,3749,4589,4533,4515,4922,5817,6190,7069,6787]","65324"
"免费一级网站免费","[2927,3989,5084,5735,6006,5366,5017,5455,5038,6636,9320,8277,7487]","76337"
"github.com","[8868,9103,9118,9026,9254,8366,8798,9526,11995,11728,11693,11810,10338]","129623"
"git hub","[17664,16022,17103,17416,17669,16549,16336,16954,17651,16371,16109,16910,15924]","218678"
"github官网","[76296,14794,13446,13698,11335,10695,10551,12126,11846,12661,12380,10153,10247]","220228"
"咸鱼网页版","[23540,21935,18616,19345,19465,14658,13746,14519,14722,16243,15527,15409,13465]","221190"
"managing power settings for gpu","[18573,20505,17732,17398,15683,17305,18913,17657,18215,16848,17483,17572,17034]","230918"
"github desktop","[19491,19188,20384,21673,21194,19303,19974,20831,21299,19183,19947,20421,19731]","262619"
"hub","[21234,19267,20077,21305,21187,19977,20457,21138,20910,19206,20096,20533,19794]","265181"
"github login","[27025,25372,26720,28274,28226,25632,26530,27092,28114,24927,26993,29088,27903]","351896"
"ghub","[26061,26861,37371,40891,31069,30165,30790,36001,33154,31158,29555,28711,30019]","411806"
"netlify","[39817,40180,42035,43846,47869,47006,48052,48048,51072,47934,51334,53634,50837]","611664"
"windows","[56801,54092,55038,54513,58076,54516,60725,58654,61201,58431,57799,59855,53322]","743023"
"git","[121879,108557,111915,103371,107022,98532,117601,134267,133431,144632,136543,126073,113267]","1557090"
"wikipedia","[403880,356122,332380,356850,319117,360370,404862,377256,452445,282009,306930,317261,520304]","4789786"
"zoom","[804385,820288,903794,933543,905506,823210,824825,901144,896997,788115,887316,892918,849095]","11231136"
"github","[977089,1022912,1075024,1113013,1067626,958297,1025085,1128296,1117609,1144149,1187216,1167516,1070758]","14054590"
"discord","[1634129,1666563,1644871,1599266,1593800,1620800,1640651,1583361,1589974,1586506,1640699,1659367,1668241]","21128228"
"youtube","[76749947,75919346,76213545,77770209,75658003,75608061,76225676,76962924,76530241,73173269,75396159,76967000,76331415]","989505795"
